comp.time(s);comp.peakRAM(MiB);bin.filesize(MiB);ssl;threads;datatype;function;optshare;packbool;protocol;rxbuffer;txbuffer;bandwidths(Mbs);input_size;preprocess;splitroles;verifybuffer;inittime(s);preproc(s);runtime_clock(s);runtime_getTime(s);runtime_chrono(s);runtime_external(s);peakRAM(MiB);jobCPU(%)
1.79;219;1;0;40;512;2;1;0;8;0;10000;25000;10000000;0;0;0;.002226;NA;.170932;.417067;.417067;.480750;5498;1432
1.38;217;1;0;40;512;2;1;0;8;0;10000;20000;10000000;0;0;0;.001926;NA;.169396;.456178;.456178;.534500;5498;1277
1.38;218;1;0;40;512;2;1;0;8;0;10000;15000;10000000;0;0;0;.001805;NA;.165421;.479735;.479734;.575250;5499;1159
1.52;218;1;0;40;512;2;1;0;8;0;10000;10000;10000000;0;0;0;.002037;NA;.161556;.543060;.543060;.664750;5499;980
1.76;219;1;0;40;512;2;1;0;8;0;10000;5000;10000000;0;0;0;.002050;NA;.165032;.998316;.998315;1.159000;5499;574
1.71;217;1;0;40;512;2;1;0;8;0;10000;1000;10000000;0;0;0;.002145;NA;.215082;5.157754;5.157753;5.268500;5499;164
