comp.time(s);comp.peakRAM(MiB);bin.filesize(MiB);ssl;threads;datatype;function;optshare;packbool;protocol;rxbuffer;txbuffer;bandwidths(Mbs);input_size;preprocess;splitroles;verifybuffer;inittime(s);preproc(s);runtime_clock(s);runtime_getTime(s);runtime_chrono(s);runtime_external(s);peakRAM(MiB);jobCPU(%)
1.49;217;1;0;40;512;2;1;0;8;0;10000;25000;10000000;0;0;0;.002205;NA;.170625;.397038;.397037;.464500;5499;1480
1.53;219;1;0;40;512;2;1;0;8;0;10000;20000;10000000;0;0;0;.001792;NA;.165049;.470936;.470935;.545500;5499;1219
1.72;217;1;0;40;512;2;1;0;8;0;10000;15000;10000000;0;0;0;.001773;NA;.159998;.412840;.412840;.512500;5499;1258
1.54;219;1;0;40;512;2;1;0;8;0;10000;10000;10000000;0;0;0;.002147;NA;.159256;.548291;.548290;.656750;5499;977
1.57;221;1;0;40;512;2;1;0;8;0;10000;5000;10000000;0;0;0;.001928;NA;.163083;.976800;.976800;1.156500;5499;568
1.37;218;1;0;40;512;2;1;0;8;0;10000;1000;10000000;0;0;0;.001992;NA;.213918;5.179546;5.179546;5.287500;5498;162
1.38;218;1;0;40;512;2;1;0;8;0;10000;500;10000000;0;0;0;.001403;NA;.098649;4.933344;4.933344;10.500000;5498;37
