comp.time(s);comp.peakRAM(MiB);bin.filesize(MiB);ssl;threads;datatype;function;optshare;packbool;protocol;rxbuffer;txbuffer;bandwidths(Mbs);input_size;preprocess;splitroles;verifybuffer;inittime(s);preproc(s);runtime_clock(s);runtime_getTime(s);runtime_chrono(s);runtime_external(s);peakRAM(MiB);jobCPU(%)
1.45;232;1;0;40;256;2;1;0;8;0;10000;25000;10000000;0;0;0;.001177;NA;.057295;.169535;.169534;.205750;2751;1129
1.47;233;1;0;40;256;2;1;0;8;0;10000;20000;10000000;0;0;0;.001151;NA;.055706;.192721;.192720;.233000;2751;971
1.47;232;1;0;40;256;2;1;0;8;0;10000;15000;10000000;0;0;0;.001129;NA;.052216;.184853;.184853;.233000;2751;910
1.47;236;1;0;40;256;2;1;0;8;0;10000;10000;10000000;0;0;0;.001373;NA;.050119;.253631;.253631;.302750;2751;673
1.42;232;1;0;40;256;2;1;0;8;0;10000;5000;10000000;0;0;0;.001263;NA;.049219;.474844;.474844;.552750;2751;362
1.42;232;1;0;40;256;2;1;0;8;0;10000;1000;10000000;0;0;0;.001143;NA;.050120;2.460239;2.460239;2.610000;2752;77
1.44;232;1;0;40;256;2;1;0;8;0;10000;500;10000000;0;0;0;.000846;NA;.039969;3.280740;3.280739;10.500000;2751;15
