comp.time(s);comp.peakRAM(MiB);bin.filesize(MiB);ssl;threads;datatype;function;optshare;packbool;protocol;rxbuffer;txbuffer;input_size;preprocess;splitroles;verifybuffer;inittime(s);preproc(s);runtime_clock(s);runtime_getTime(s);runtime_chrono(s);runtime_external(s);peakRAM(MiB);jobCPU(%)
0.01;3;1;0;2;256;75;1;0;10;10000;10000;1;0;3;2;.008802;NA;.272725;1.283236;1.367532;1.373750;3917;970
0.02;3;1;0;2;256;75;1;1;10;10000;10000;1;0;3;2;.006689;NA;.244879;1.131181;1.212990;1.218750;3929;981
0.01;3;1;0;2;256;76;1;0;10;10000;10000;1;0;3;2;.012043;NA;.425607;1.932970;2.027422;2.038125;6113;1020
0.01;3;1;0;2;256;76;1;1;10;10000;10000;1;0;3;2;.009942;NA;.384393;1.694106;1.774653;1.783958;6116;1050
0.01;3;1;0;2;256;77;1;0;10;10000;10000;1;0;3;2;.015926;NA;.674522;2.823045;2.982665;2.996041;9119;1098
0.01;3;1;0;2;256;77;1;1;10;10000;10000;1;0;3;2;.012552;NA;.614557;2.456024;2.555107;2.568125;9107;1165
0.02;3;1;0;2;256;78;1;0;10;10000;10000;1;0;3;2;.022560;NA;.798877;3.341085;4.088755;20.833333;12833;202
