comp.time(s);comp.peakRAM(MiB);bin.filesize(MiB);ssl;threads;datatype;function;optshare;packbool;protocol;rxbuffer;txbuffer;input_size;preprocess;splitroles;verifybuffer;inittime(s);preproc(s);runtime_clock(s);runtime_getTime(s);runtime_chrono(s);runtime_external(s);peakRAM(MiB);jobCPU(%)
0.01;3;1;0;2;256;75;1;0;10;10000;10000;1;0;3;2;.008374;NA;.274907;1.302336;1.363865;1.370416;3916;981
0.01;3;1;0;2;256;75;1;1;10;10000;10000;1;0;3;2;.006578;NA;.246516;1.145342;1.198802;1.205416;3916;998
0.02;3;1;0;2;256;76;1;0;10;10000;10000;1;0;3;2;.012028;NA;.426389;1.957715;2.055316;2.066875;6107;1007
0.02;3;1;0;2;256;76;1;1;10;10000;10000;1;0;3;2;.010361;NA;.385137;1.708737;1.779131;1.788541;6118;1050
0.02;3;1;0;2;256;77;1;0;10;10000;10000;1;0;3;2;.015847;NA;.678736;2.848631;2.940792;2.957083;9102;1119
0.01;3;1;0;2;256;77;1;1;10;10000;10000;1;0;3;2;.013219;NA;.617122;2.481669;2.581266;2.591875;9121;1159
0.02;3;1;0;2;256;78;1;0;10;10000;10000;1;0;3;2;.022369;NA;.702132;2.959523;4.049280;20.833333;12792;163
