comp.time(s);comp.peakRAM(MiB);bin.filesize(MiB);ssl;threads;datatype;function;optshare;packbool;protocol;rxbuffer;txbuffer;bandwidths(Mbs);input_size;preprocess;splitroles;verifybuffer;inittime(s);preproc(s);runtime_clock(s);runtime_getTime(s);runtime_chrono(s);runtime_external(s);peakRAM(MiB);jobCPU(%)
1.45;233;1;0;40;256;2;1;0;8;0;10000;25000;10000000;0;0;0;.001362;NA;.058503;.178057;.178056;.211000;2752;1123
1.44;233;1;0;40;256;2;1;0;8;0;10000;20000;10000000;0;0;0;.001281;NA;.055324;.213316;.213315;.249250;2752;901
1.45;232;1;0;40;256;2;1;0;8;0;10000;15000;10000000;0;0;0;.001013;NA;.053497;.226879;.226879;.264000;2751;823
1.44;232;1;0;40;256;2;1;0;8;0;10000;10000;10000000;0;0;0;.001219;NA;.051316;.254765;.254765;.304250;2751;686
1.44;232;1;0;40;256;2;1;0;8;0;10000;5000;10000000;0;0;0;.001168;NA;.049279;.479341;.479341;.554750;2752;361
1.45;232;1;0;40;256;2;1;0;8;0;10000;1000;10000000;0;0;0;.001207;NA;.051160;2.498786;2.498785;2.609500;2752;79
1.46;233;1;0;40;256;2;1;0;8;0;10000;500;10000000;0;0;0;.000928;NA;.040702;3.255171;3.255170;10.500000;2751;15
