comp.time(s);comp.peakRAM(MiB);bin.filesize(MiB);ssl;threads;datatype;function;optshare;packbool;protocol;rxbuffer;txbuffer;bandwidths(Mbs);input_size;preprocess;splitroles;verifybuffer;inittime(s);preproc(s);runtime_clock(s);runtime_getTime(s);runtime_chrono(s);runtime_external(s);peakRAM(MiB);jobCPU(%)
1.44;232;1;0;40;256;2;1;0;8;0;10000;25000;10000000;0;0;0;.001158;NA;.058074;.177018;.177017;.211000;2752;1115
1.44;233;1;0;40;256;2;1;0;8;0;10000;20000;10000000;0;0;0;.001182;NA;.055338;.178019;.178018;.220250;2752;1018
1.44;234;1;0;40;256;2;1;0;8;0;10000;15000;10000000;0;0;0;.001163;NA;.051037;.176951;.176950;.224500;2752;923
1.44;233;1;0;40;256;2;1;0;8;0;10000;10000;10000000;0;0;0;.001065;NA;.050797;.256682;.256681;.305000;2752;676
1.43;233;1;0;40;256;2;1;0;8;0;10000;5000;10000000;0;0;0;.001081;NA;.049708;.478872;.478871;.552750;2751;365
1.43;232;1;0;40;256;2;1;0;8;0;10000;1000;10000000;0;0;0;.001094;NA;.050554;2.478609;2.478609;2.617250;2752;78
1.40;232;1;0;40;256;2;1;0;8;0;10000;500;10000000;0;0;0;.000999;NA;.041523;3.654054;3.654053;10.500000;2751;16
