comp.time(s);comp.peakRAM(MiB);bin.filesize(MiB);ssl;threads;datatype;function;optshare;packbool;protocol;rxbuffer;txbuffer;input_size;preprocess;splitroles;verifybuffer;inittime(s);preproc(s);runtime_clock(s);runtime_getTime(s);runtime_chrono(s);runtime_external(s);peakRAM(MiB);jobCPU(%)
6.32;499;1;0;1;256;47;1;0;5;10000;10000;224;0;0;2;.026664;NA;2.172002;2.128292;2.128286;2.160000;3728;101
0.07;3;1;0;1;256;47;1;0;5;10000;10000;224;0;0;2;.016845;NA;2.078255;2.034053;2.034048;2.060000;3728;101
0.07;4;1;0;1;256;47;1;0;5;10000;10000;224;0;0;2;.028859;NA;2.164652;2.120587;2.120578;2.150000;3728;100
0.08;3;1;0;1;256;47;1;0;5;10000;10000;224;0;0;2;.023799;NA;2.159783;2.124232;2.124228;2.150000;3731;100
0.09;4;1;0;1;256;47;1;0;5;10000;10000;224;0;0;2;.028610;NA;2.135898;2.092096;2.092089;2.130000;3728;100
6.42;503;1;0;1;256;47;1;0;12;10000;10000;224;0;0;2;.026833;NA;2.496560;3.525236;3.525230;3.560000;3727;70
0.08;4;1;0;1;256;47;1;0;12;10000;10000;224;0;0;2;.026948;NA;2.507107;4.047798;4.047792;4.090000;3727;61
0.09;3;1;0;1;256;47;1;0;12;10000;10000;224;0;0;2;;NA;;;;1000.000000;3;0
