comp.time(s);comp.peakRAM(MiB);bin.filesize(MiB);ssl;threads;datatype;function;optshare;packbool;protocol;rxbuffer;txbuffer;bandwidths(Mbs);input_size;preprocess;splitroles;verifybuffer;inittime(s);preproc(s);runtime_clock(s);runtime_getTime(s);runtime_chrono(s);runtime_external(s);peakRAM(MiB);jobCPU(%)
1.47;233;1;0;40;256;2;1;0;8;0;10000;25000;10000000;0;0;0;.001015;NA;.058346;.174851;.174851;.208250;2751;1137
1.46;232;1;0;40;256;2;1;0;8;0;10000;20000;10000000;0;0;0;.001133;NA;.055826;.206869;.206869;.244000;2752;929
1.47;232;1;0;40;256;2;1;0;8;0;10000;15000;10000000;0;0;0;.001059;NA;.052222;.183524;.183523;.238500;2751;889
1.47;233;1;0;40;256;2;1;0;8;0;10000;10000;10000000;0;0;0;.001196;NA;.051529;.246752;.246750;.306500;2751;683
1.42;232;1;0;40;256;2;1;0;8;0;10000;5000;10000000;0;0;0;.001170;NA;.049766;.484386;.484385;.553750;2751;365
1.47;233;1;0;40;256;2;1;0;8;0;10000;1000;10000000;0;0;0;.001160;NA;.050323;2.469660;2.469660;2.609500;2752;78
1.45;232;1;0;40;256;2;1;0;8;0;10000;500;10000000;0;0;0;.000865;NA;.035482;2.878567;2.878566;10.500000;2751;13
